solve_id,solve_type,method,warm_start,min_search_proportion,threshold_proportion,remove_constraints,zero_slack_likelihood,n,p,q,cut_type,cut_value,max_variables,max_constraints,total_cpu_time,gurobi_cpu_time,non_gurobi_cpu_time,objective_value,dual_0_constraints,dual_0_with_slack,dual_0_no_slack
17,iterative,auto,warm,1,,False,0,30,0.5,0.2,fixed,1000,435,2101,0.5107042809999882,0.26538341999999204,0.24532086099999617,41.999999999999986,0,0,0
17,iterative,auto,warm,1,,True,0,30,0.5,0.2,fixed,1000,435,1349,0.5986451509999995,0.2342551210000039,0.3643900299999956,42.00000000000012,863,752,111
17,iterative,auto,warm,1,,True,0.1,30,0.5,0.2,fixed,1000,435,1340,0.56300318400001,0.19671567999998274,0.3662875040000273,42.000000000000135,823,756,67
17,iterative,auto,warm,1,,True,0.3,30,0.5,0.2,fixed,1000,435,1115,0.8940558230000022,0.38446710899999914,0.509588714000003,42.0,1777,809,968
