solve_id,solve_type,method,warm_start,min_search_proportion,threshold_proportion,remove_constraints,zero_slack_likelihood,n,p,q,cut_type,cut_value,max_variables,max_constraints,total_cpu_time,gurobi_cpu_time,non_gurobi_cpu_time,objective_value
9,once,auto,cold,1,,False,0,70,0.5,0.2,fixed,1000,2415,218961,166.3047561180001,156.43804914500015,9.866706972999964,250.0000000000026
9,iterative,auto,warm,1,,False,0,70,0.5,0.2,fixed,1000,2415,7101,62.613125988999855,56.90255417100161,5.710571817998243,250.00000000000077
9,iterative,auto,warm,1,,True,0,70,0.5,0.2,fixed,1000,2415,3420,46.83537183000044,35.0518754049981,11.78349642500234,250.00000000000063
9,iterative,auto,warm,1,,True,0.1,70,0.5,0.2,fixed,1000,2415,3959,107.49258237899994,93.72901900599845,13.763563373001489,250.00000000000168
9,iterative,auto,warm,1,,True,0.3,70,0.5,0.2,fixed,1000,2415,3789,119.75574718700045,104.05539060800129,15.700356578999163,249.99999999999895
