solve_id,solve_type,method,warm_start,min_search_proportion,threshold_proportion,remove_constraints,zero_slack_likelihood,n,p,q,cut_type,cut_value,max_variables,max_constraints,total_cpu_time,gurobi_cpu_time,non_gurobi_cpu_time,objective_value
49,once,auto,cold,1,,False,0,50,0.5,0.2,fixed,1000,1225,78401,32.101154397000755,29.0388694760004,3.062284921000355,138.0
49,iterative,auto,warm,1,,False,0,50,0.5,0.2,fixed,1000,1225,4101,8.356824227999823,6.829549614999451,1.5272746130003725,138.00000000000304
49,iterative,auto,warm,1,,True,0,50,0.5,0.2,fixed,1000,1225,2163,7.70655121999971,5.0780794970005445,2.6284717229991656,138.00000000000009
49,iterative,auto,warm,1,,True,0.1,50,0.5,0.2,fixed,1000,1225,2189,13.198840954999469,9.80816386100014,3.3906770939993294,137.99999999999986
49,iterative,auto,warm,1,,True,0.3,50,0.5,0.2,fixed,1000,1225,2180,13.964368427999943,10.71879348800121,3.2455749399987326,137.99999999999963
