solve_id,solve_type,method,warm_start,min_search_proportion,threshold_proportion,remove_constraints,zero_slack_likelihood,n,p,q,cut_type,cut_value,max_variables,max_constraints,total_cpu_time,gurobi_cpu_time,non_gurobi_cpu_time,objective_value
6,once,auto,cold,1,,False,0,70,0.5,0.2,fixed,1000,2415,218961,201.94712963099983,192.75261492399977,9.194514707000053,254.00000000000475
6,iterative,auto,warm,1,,False,0,70,0.5,0.2,fixed,1000,2415,8101,76.02591517099972,69.94181155099932,6.0841036200004055,253.9999999999923
6,iterative,auto,warm,1,,True,0,70,0.5,0.2,fixed,1000,2415,3329,61.53239850900036,47.877953562999664,13.654444946000694,253.99999999999827
6,iterative,auto,warm,1,,True,0.1,70,0.5,0.2,fixed,1000,2415,3853,146.1354000289998,130.5336315340005,15.601768494999305,254.00000000000122
6,iterative,auto,warm,1,,True,0.3,70,0.5,0.2,fixed,1000,2415,2871,186.13406308999993,165.6713119240003,20.462751165999634,253.99999999999704
