solve_id,solve_type,method,warm_start,min_search_proportion,threshold_proportion,remove_constraints,zero_slack_likelihood,n,p,q,cut_type,cut_value,max_variables,max_constraints,total_cpu_time,gurobi_cpu_time,non_gurobi_cpu_time,objective_value
38,once,auto,cold,1,,False,0,70,0.5,0.2,fixed,1000,2415,218961,177.6262614010011,168.6204596539974,9.005801747003716,253.0000000000001
38,iterative,auto,warm,1,,False,0,70,0.5,0.2,fixed,1000,2415,8101,81.24532963399906,74.92253689100107,6.32279274299799,252.99999999999775
38,iterative,auto,warm,1,,True,0,70,0.5,0.2,fixed,1000,2415,3391,82.09179857799973,60.83353008599806,21.258268492001662,252.99999999999824
38,iterative,auto,warm,1,,True,0.1,70,0.5,0.2,fixed,1000,2415,3545,224.9462913339994,201.68099649400756,23.26529483999184,252.99999999999955
38,iterative,auto,warm,1,,True,0.3,70,0.5,0.2,fixed,1000,2415,3430,245.95266572699984,222.5284357850178,23.42422994198205,253.00000000000136
