solve_id,solve_type,method,warm_start,min_search_proportion,threshold_proportion,remove_constraints,zero_slack_likelihood,n,p,q,cut_type,cut_value,max_variables,max_constraints,total_cpu_time,gurobi_cpu_time,non_gurobi_cpu_time,objective_value
19,once,auto,cold,1,,False,0,30,0.5,0.2,fixed,1000,435,16241,3.913145281999988,3.262100204999996,0.651045076999992,43.769230769230774
19,iterative,auto,warm,1,,False,0,30,0.5,0.2,fixed,1000,435,2868,1.0278227920000234,0.6577255150000099,0.3700972770000135,43.76923076923082
19,iterative,auto,warm,1,,True,0,30,0.5,0.2,fixed,1000,435,1038,1.1462957360000132,0.4974982450000027,0.6487974910000105,43.76923076923083
19,iterative,auto,warm,1,,True,0.1,30,0.5,0.2,fixed,1000,435,770,7.495990938999995,4.943812537999946,2.552178401000049,43.76923076923079
19,iterative,auto,warm,1,,True,0.3,30,0.5,0.2,fixed,1000,435,968,6.989660287999982,4.712676090999935,2.276984197000047,43.76923076923078
