solve_id,solve_type,method,warm_start,min_search_proportion,threshold_proportion,remove_constraints,zero_slack_likelihood,n,p,q,cut_type,cut_value,max_variables,max_constraints,total_cpu_time,gurobi_cpu_time,non_gurobi_cpu_time,objective_value,dual_0_constraints,dual_0_with_slack,dual_0_no_slack
30,iterative,auto,warm,1,,False,0,20,0.5,0.2,fixed,1000,190,925,0.13764327999999892,0.03617826999999352,0.1014650100000054,18.0,0,0,0
30,iterative,auto,warm,1,,True,0,20,0.5,0.2,fixed,1000,190,831,0.20704202099999947,0.02821383700000979,0.17882818399998968,17.999999999999996,584,413,171
30,iterative,auto,warm,1,,True,0.1,20,0.5,0.2,fixed,1000,190,602,0.19499702399999563,0.03515551899999281,0.15984150500000283,18.0,561,348,213
30,iterative,auto,warm,1,,True,0.3,20,0.5,0.2,fixed,1000,190,408,0.2347520490000008,0.05827581700000195,0.17647623199999884,18.0,919,189,730
