solve_id,solve_type,method,warm_start,min_search_proportion,threshold_proportion,remove_constraints,zero_slack_likelihood,n,p,q,cut_type,cut_value,max_variables,max_constraints,total_cpu_time,gurobi_cpu_time,non_gurobi_cpu_time,objective_value,dual_0_constraints,dual_0_with_slack,dual_0_no_slack
0,iterative,auto,warm,1,,False,0,100,0.5,0.2,fixed,1000,4950,13101,712.3090925839999,685.112638055,27.19645452899988,523.0000000000006,0,0,0
0,iterative,auto,warm,1,,True,0,100,0.5,0.2,fixed,1000,4950,5840,577.289952887,494.55644708800105,82.73350579899898,523.0000000000036,38020,32261,5759
0,iterative,auto,warm,1,,True,0.1,100,0.5,0.2,fixed,1000,4950,6296,1565.5538879130002,1476.109245167,89.44464274600023,522.9999999999978,38723,31695,7028
0,iterative,auto,warm,1,,True,0.3,100,0.5,0.2,fixed,1000,4950,5668,1888.833894322,1782.2260023020003,106.60789201999978,522.9999999999985,47372,32560,14812
