solve_id,solve_type,method,warm_start,min_search_proportion,threshold_proportion,sub_solve_id,n,p,q,cut_type,cut_value,cuts_sought,cuts_added,search_proportion_used,current_threshold,variables,constraints,cpu_time
12,iterative,auto,warm,1,,0,150,0.8,0.1,fixed,1000,100,100,1,,11175,101,0.020808155997656286
12,iterative,auto,warm,1,,1,150,0.8,0.1,fixed,1000,1000,1000,1,,11175,1101,0.053694346999691334
12,iterative,auto,warm,1,,2,150,0.8,0.1,fixed,1000,1000,1000,1,,11175,2101,0.055107323998527136
12,iterative,auto,warm,1,,3,150,0.8,0.1,fixed,1000,1000,1000,1,,11175,3101,0.15439411199622555
12,iterative,auto,warm,1,,4,150,0.8,0.1,fixed,1000,1000,1000,1,,11175,4101,0.08465812700160313
12,iterative,auto,warm,1,,5,150,0.8,0.1,fixed,1000,1000,1000,1,,11175,5101,0.04608688299776986
12,iterative,auto,warm,1,,6,150,0.8,0.1,fixed,1000,1000,1000,1,,11175,6101,0.04187553600058891
12,iterative,auto,warm,1,,7,150,0.8,0.1,fixed,1000,1000,1000,1,,11175,7101,0.042062501997861546
12,iterative,auto,warm,1,,8,150,0.8,0.1,fixed,1000,1000,1000,1,,11175,8101,0.027630798998870887
