solve_id,solve_type,method,warm_start,min_search_proportion,threshold_proportion,sub_solve_id,n,p,q,cut_type,cut_value,cuts_sought,cuts_added,search_proportion_used,current_threshold,variables,constraints,cpu_time
38,iterative,auto,warm,1,,0,120,0.8,0.2,fixed,1000,100,100,1,,7140,101,0.01546782399964286
38,iterative,auto,warm,1,,1,120,0.8,0.2,fixed,1000,1000,1000,1,,7140,1101,0.027153390998137183
38,iterative,auto,warm,1,,2,120,0.8,0.2,fixed,1000,1000,1000,1,,7140,2101,0.05830457499905606
38,iterative,auto,warm,1,,3,120,0.8,0.2,fixed,1000,1000,1000,1,,7140,3101,0.09395632000087062
38,iterative,auto,warm,1,,4,120,0.8,0.2,fixed,1000,1000,1000,1,,7140,4101,0.1769942840001022
38,iterative,auto,warm,1,,5,120,0.8,0.2,fixed,1000,1000,1000,1,,7140,5101,0.5355509010005335
38,iterative,auto,warm,1,,6,120,0.8,0.2,fixed,1000,1000,1000,1,,7140,6101,1.977006506996986
38,iterative,auto,warm,1,,7,120,0.8,0.2,fixed,1000,1000,1000,1,,7140,7101,0.4859267150022788
38,iterative,auto,warm,1,,8,120,0.8,0.2,fixed,1000,1000,1000,1,,7140,8101,0.024081234998448053
