solve_id,solve_type,method,warm_start,min_search_proportion,threshold_proportion,remove_constraints,zero_slack_likelihood,n,p,q,cut_type,cut_value,max_variables,max_constraints,total_cpu_time,gurobi_cpu_time,non_gurobi_cpu_time,objective_value,dual_0_constraints,dual_0_with_slack,dual_0_no_slack
43,iterative,auto,warm,1,,False,0,30,0.5,0.2,fixed,1000,435,2369,1.0777767680000352,0.7546952439999473,0.32308152400008794,45.57641921397373,0,0,0
43,iterative,auto,warm,1,,True,0,30,0.5,0.2,fixed,1000,435,694,1.9786359899999866,0.6386212519998935,1.340014738000093,45.57641921397379,6124,5747,377
43,iterative,auto,warm,1,,True,0.1,30,0.5,0.2,fixed,1000,435,610,3.0309015860000272,1.5540279289999717,1.4768736570000556,45.57641921397377,7129,5904,1225
43,iterative,auto,warm,1,,True,0.3,30,0.5,0.2,fixed,1000,435,483,5.466551725000045,2.850755869000011,2.615795856000034,45.57641921397376,12991,11716,1275
