solve_id,solve_type,method,warm_start,min_search_proportion,threshold_proportion,remove_constraints,zero_slack_likelihood,n,p,q,cut_type,cut_value,max_variables,max_constraints,total_cpu_time,gurobi_cpu_time,non_gurobi_cpu_time,objective_value,dual_0_constraints,dual_0_with_slack,dual_0_no_slack
18,iterative,auto,warm,1,,False,0,80,0.5,0.2,fixed,1000,3160,7849,101.79298032299994,92.59767697100324,9.1953033519967,324.9999999999974,0,0,0
18,iterative,auto,warm,1,,True,0,80,0.5,0.2,fixed,1000,3160,4794,66.38458920999983,49.231885891000275,17.152703318999556,325.00000000000097,12986,9307,3679
18,iterative,auto,warm,1,,True,0.1,80,0.5,0.2,fixed,1000,3160,5618,170.03376724400005,147.92814813599944,22.10561910800061,324.99999999996777,25194,9084,16110
18,iterative,auto,warm,1,,True,0.3,80,0.5,0.2,fixed,1000,3160,4691,156.48911657200006,132.17713826599538,24.311978306004676,325.0000000000034,25533,10346,15187
