solve_id,solve_type,method,warm_start,min_search_proportion,threshold_proportion,remove_constraints,zero_slack_likelihood,n,p,q,cut_type,cut_value,max_variables,max_constraints,total_cpu_time,gurobi_cpu_time,non_gurobi_cpu_time,objective_value
43,once,auto,cold,1,,False,0,70,0.5,0.2,fixed,1000,2415,218961,169.25968439899953,160.1353974170015,9.124286981998011,261.000000000001
43,iterative,auto,warm,1,,False,0,70,0.5,0.2,fixed,1000,2415,7101,61.016838285999256,55.46864132400151,5.548196961997746,261.00000000000034
43,iterative,auto,warm,1,,True,0,70,0.5,0.2,fixed,1000,2415,3919,48.834738828998525,37.40249486099492,11.432243968003604,261.00000000000097
43,iterative,auto,warm,1,,True,0.1,70,0.5,0.2,fixed,1000,2415,3796,86.96162044000084,74.77539034499932,12.18623009500152,261.0000000000003
43,iterative,auto,warm,1,,True,0.3,70,0.5,0.2,fixed,1000,2415,3494,117.5906064510018,102.7892783950083,14.801328055993508,261.0000000000023
