solve_id,solve_type,method,warm_start,min_search_proportion,threshold_proportion,remove_constraints,zero_slack_likelihood,n,p,q,cut_type,cut_value,max_variables,max_constraints,total_cpu_time,gurobi_cpu_time,non_gurobi_cpu_time,objective_value
47,once,auto,cold,1,,False,0,20,0.5,0.2,fixed,1000,190,4561,0.46371586000000775,0.23538928199999987,0.22832657800000788,15.809523809523807
47,iterative,auto,warm,1,,False,0,20,0.5,0.2,fixed,1000,190,1146,0.21275932300000022,0.0903739059999964,0.12238541700000383,15.809523809523817
47,iterative,auto,warm,1,,True,0,20,0.5,0.2,fixed,1000,190,403,0.5336125549999906,0.11632331699998133,0.4172892380000093,15.809523809523807
47,iterative,auto,warm,1,,True,0.1,20,0.5,0.2,fixed,1000,190,330,0.6623965830000031,0.2731374249999874,0.38925915800001576,15.809523809523808
47,iterative,auto,warm,1,,True,0.3,20,0.5,0.2,fixed,1000,190,451,1.463922654000001,0.5769746440000176,0.8869480099999834,15.809523809523808
