solve_id,solve_type,method,warm_start,min_search_proportion,threshold_proportion,remove_constraints,zero_slack_likelihood,n,p,q,cut_type,cut_value,max_variables,max_constraints,total_cpu_time,gurobi_cpu_time,non_gurobi_cpu_time,objective_value
37,once,auto,cold,1,,False,0,40,0.5,0.2,fixed,1000,780,39521,10.959972103999917,9.429382091999969,1.5305900119999478,76.64634146341497
37,iterative,auto,warm,1,,False,0,40,0.5,0.2,fixed,1000,780,3397,2.747183352000093,1.6130724690003717,1.134110882999721,76.64634146341476
37,iterative,auto,warm,1,,True,0,40,0.5,0.2,fixed,1000,780,1771,3.366543492999881,1.5493631670001378,1.8171803259997432,76.64634146341517
37,iterative,auto,warm,1,,True,0.1,40,0.5,0.2,fixed,1000,780,1352,12.700655739000013,9.401871058999632,3.298784680000381,76.64634146341469
37,iterative,auto,warm,1,,True,0.3,40,0.5,0.2,fixed,1000,780,1438,33.89991683700009,26.13569104999965,7.764225787000441,76.64634146341469
