solve_id,solve_type,method,warm_start,min_search_proportion,threshold_proportion,remove_constraints,zero_slack_likelihood,n,p,q,cut_type,cut_value,max_variables,max_constraints,total_cpu_time,gurobi_cpu_time,non_gurobi_cpu_time,objective_value
4,once,auto,cold,1,,False,0,70,0.5,0.2,fixed,1000,2415,218961,181.000454729,171.93997554399994,9.060479185000077,249.99999999999923
4,iterative,auto,warm,1,,False,0,70,0.5,0.2,fixed,1000,2415,7101,66.59590463199993,60.84229288299912,5.753611749000811,250.00000000000023
4,iterative,auto,warm,1,,True,0,70,0.5,0.2,fixed,1000,2415,3548,54.50526443900026,41.798606422000375,12.706658016999882,250.0000000000006
4,iterative,auto,warm,1,,True,0.1,70,0.5,0.2,fixed,1000,2415,3342,116.94373413899984,102.84127099199986,14.10246314699998,250.00000000000054
4,iterative,auto,warm,1,,True,0.3,70,0.5,0.2,fixed,1000,2415,4186,151.20479324200005,133.46809489999987,17.73669834200018,250.0
