solve_id,solve_type,method,warm_start,min_search_proportion,threshold_proportion,sub_solve_id,n,p,q,cut_type,cut_value,cuts_sought,cuts_added,search_proportion_used,current_threshold,variables,constraints,cpu_time
14,iterative,auto,warm,1,,0,120,0.8,0.2,fixed,1000,100,100,1,,7140,101,0.016600267999820062
14,iterative,auto,warm,1,,1,120,0.8,0.2,fixed,1000,1000,1000,1,,7140,1101,0.03703728900018177
14,iterative,auto,warm,1,,2,120,0.8,0.2,fixed,1000,1000,1000,1,,7140,2101,0.054921445999752905
14,iterative,auto,warm,1,,3,120,0.8,0.2,fixed,1000,1000,1000,1,,7140,3101,0.04475780600023427
14,iterative,auto,warm,1,,4,120,0.8,0.2,fixed,1000,1000,1000,1,,7140,4101,0.2344006770008491
14,iterative,auto,warm,1,,5,120,0.8,0.2,fixed,1000,1000,1000,1,,7140,5101,1.373319268999694
14,iterative,auto,warm,1,,6,120,0.8,0.2,fixed,1000,1000,1000,1,,7140,6101,5.92583966500024
14,iterative,auto,warm,1,,7,120,0.8,0.2,fixed,1000,1000,1000,1,,7140,7101,0.3180513860006613
14,iterative,auto,warm,1,,8,120,0.8,0.2,fixed,1000,1000,468,1,,7140,7569,0.022490025000479363
