solve_id,solve_type,method,warm_start,min_search_proportion,threshold_proportion,remove_constraints,zero_slack_likelihood,n,p,q,cut_type,cut_value,max_variables,max_constraints,total_cpu_time,gurobi_cpu_time,non_gurobi_cpu_time,objective_value
23,once,auto,cold,1,,False,0,30,0.5,0.2,fixed,1000,435,16241,3.7159266110000146,3.0641145240000185,0.6518120869999962,48.34999999999999
23,iterative,auto,warm,1,,False,0,30,0.5,0.2,fixed,1000,435,2101,0.7096213519999992,0.44151448600001686,0.26810686599998235,48.350000000000094
23,iterative,auto,warm,1,,True,0,30,0.5,0.2,fixed,1000,435,887,0.8171694889999799,0.4036016800000084,0.4135678089999715,48.34999999999998
23,iterative,auto,warm,1,,True,0.1,30,0.5,0.2,fixed,1000,435,1115,1.1582692860000066,0.6448607880000168,0.5134084979999898,48.349999999999994
23,iterative,auto,warm,1,,True,0.3,30,0.5,0.2,fixed,1000,435,602,1.5648693839999908,0.9406142739999837,0.6242551100000071,48.350000000000044
