solve_id,solve_type,method,warm_start,min_search_proportion,threshold_proportion,remove_constraints,zero_slack_likelihood,n,p,q,cut_type,cut_value,max_variables,max_constraints,total_cpu_time,gurobi_cpu_time,non_gurobi_cpu_time,objective_value
6,iterative,auto,warm,1,,False,0,150,0.5,0.2,fixed,1000,11175,22689,8557.748286809016,8350.783710472897,206.96457633611863,1104.0000000000048
6,iterative,auto,warm,1,,True,0,150,0.5,0.2,fixed,1000,11175,11967,4021.179767480993,3588.391080973117,432.78868650787626,1104.000000000001
6,iterative,auto,warm,1,,True,0.1,150,0.5,0.2,fixed,1000,11175,16384,13129.306092616986,12574.37483151324,554.9312611037458,1103.9999999999936
6,iterative,auto,warm,1,,True,0.3,150,0.5,0.2,fixed,1000,11175,13331,15841.579082467011,15162.886236917111,678.6928455499001,1103.9999999999986
