solve_id,solve_type,method,warm_start,min_search_proportion,threshold_proportion,sub_solve_id,n,p,q,cut_type,cut_value,cuts_sought,cuts_added,search_proportion_used,current_threshold,variables,constraints,cpu_time
14,iterative,auto,warm,1,,0,110,0.8,0.2,fixed,1000,100,100,1,,5995,101,0.014177650999954494
14,iterative,auto,warm,1,,1,110,0.8,0.2,fixed,1000,1000,1000,1,,5995,1101,0.026662911999665084
14,iterative,auto,warm,1,,2,110,0.8,0.2,fixed,1000,1000,1000,1,,5995,2101,0.05470749899996008
14,iterative,auto,warm,1,,3,110,0.8,0.2,fixed,1000,1000,1000,1,,5995,3101,0.04488599599972076
14,iterative,auto,warm,1,,4,110,0.8,0.2,fixed,1000,1000,1000,1,,5995,4101,0.5707382780001353
14,iterative,auto,warm,1,,5,110,0.8,0.2,fixed,1000,1000,1000,1,,5995,5101,2.433772632999535
14,iterative,auto,warm,1,,6,110,0.8,0.2,fixed,1000,1000,1000,1,,5995,6101,2.221437383000193
14,iterative,auto,warm,1,,7,110,0.8,0.2,fixed,1000,1000,1000,1,,5995,7101,2.7371939179993205
14,iterative,auto,warm,1,,8,110,0.8,0.2,fixed,1000,1000,1000,1,,5995,8101,0.02512707300047623
