solve_id,solve_type,method,warm_start,min_search_proportion,threshold_proportion,remove_constraints,zero_slack_likelihood,n,p,q,cut_type,cut_value,max_variables,max_constraints,total_cpu_time,gurobi_cpu_time,non_gurobi_cpu_time,objective_value
3,once,auto,cold,1,,False,0,60,0.5,0.2,fixed,1000,1770,136881,91.74205137399997,86.12075047799999,5.62130089599998,198.00000000000006
3,iterative,auto,warm,1,,False,0,60,0.5,0.2,fixed,1000,1770,6101,29.108458794999933,25.930225503999964,3.1782332909999695,197.9999999999887
3,iterative,auto,warm,1,,True,0,60,0.5,0.2,fixed,1000,1770,2729,29.283035385000176,20.753477297000018,8.529558088000158,197.9999999999994
3,iterative,auto,warm,1,,True,0.1,60,0.5,0.2,fixed,1000,1770,2829,55.68427356899997,46.872028772999556,8.812244796000414,197.99999999999812
3,iterative,auto,warm,1,,True,0.3,60,0.5,0.2,fixed,1000,1770,2408,94.4522014229999,82.75131403199975,11.700887391000151,197.99999999999966
