solve_id,solve_type,method,warm_start,min_search_proportion,threshold_proportion,remove_constraints,zero_slack_likelihood,n,p,q,cut_type,cut_value,max_variables,max_constraints,total_cpu_time,gurobi_cpu_time,non_gurobi_cpu_time,objective_value
26,iterative,auto,warm,1,,False,0,130,0.5,0.2,fixed,1000,8385,17355,3639.1814972310094,3530.4093613112345,108.77213591977488,824.0000000000015
26,iterative,auto,warm,1,,True,0,130,0.5,0.2,fixed,1000,8385,9592,1569.0503602880053,1376.2175318850204,192.8328284029849,824.0000000000016
26,iterative,auto,warm,1,,True,0.1,130,0.5,0.2,fixed,1000,8385,12099,6472.403129416984,6217.997587114922,254.4055423020618,823.9999999999964
26,iterative,auto,warm,1,,True,0.3,130,0.5,0.2,fixed,1000,8385,9762,8319.110067547997,7984.651989507896,334.4580780401011,823.9999999999984
