solve_id,solve_type,method,warm_start,min_search_proportion,threshold_proportion,remove_constraints,zero_slack_likelihood,n,p,q,cut_type,cut_value,max_variables,max_constraints,total_cpu_time,gurobi_cpu_time,non_gurobi_cpu_time,objective_value
33,once,auto,cold,1,,False,0,20,0.5,0.2,fixed,1000,190,4561,0.4003222780000044,0.2183211870000008,0.1820010910000036,20.64285714285715
33,iterative,auto,warm,1,,False,0,20,0.5,0.2,fixed,1000,190,812,0.183904308999999,0.07397445899999866,0.10992985000000033,20.642857142857146
33,iterative,auto,warm,1,,True,0,20,0.5,0.2,fixed,1000,190,412,0.2844878779999931,0.07532904599999313,0.20915883199999996,20.64285714285714
33,iterative,auto,warm,1,,True,0.1,20,0.5,0.2,fixed,1000,190,363,0.4116701749999976,0.14640399500002843,0.26526617999996915,20.642857142857142
33,iterative,auto,warm,1,,True,0.3,20,0.5,0.2,fixed,1000,190,353,0.5740292349999976,0.2075809789999994,0.3664482559999982,20.642857142857135
