solve_id,solve_type,method,warm_start,min_search_proportion,threshold_proportion,remove_constraints,zero_slack_likelihood,n,p,q,cut_type,cut_value,max_variables,max_constraints,total_cpu_time,gurobi_cpu_time,non_gurobi_cpu_time,objective_value
43,once,auto,cold,1,,False,0,40,0.5,0.2,fixed,1000,780,39521,13.894085066999878,12.30680638900003,1.5872786779998478,73.00000000000036
43,iterative,auto,warm,1,,False,0,40,0.5,0.2,fixed,1000,780,2806,1.4946715210001003,0.7564599050001561,0.7382116159999441,73.00000000000026
43,iterative,auto,warm,1,,True,0,40,0.5,0.2,fixed,1000,780,1676,1.9422187279999434,0.7767218879998836,1.1654968400000598,73.00000000000009
43,iterative,auto,warm,1,,True,0.1,40,0.5,0.2,fixed,1000,780,2624,2.3531563219999043,1.0437217259998306,1.3094345960000737,72.99999999999986
43,iterative,auto,warm,1,,True,0.3,40,0.5,0.2,fixed,1000,780,3666,15.421979991999933,7.856669812000291,7.565310179999642,72.99999999999999
