solve_id,solve_type,method,warm_start,min_search_proportion,threshold_proportion,remove_constraints,zero_slack_likelihood,n,p,q,cut_type,cut_value,max_variables,max_constraints,total_cpu_time,gurobi_cpu_time,non_gurobi_cpu_time,objective_value
46,once,auto,cold,1,,False,0,40,0.5,0.2,fixed,1000,780,39521,10.170711793999999,8.60947717299996,1.5612346210000396,79.04761904761926
46,iterative,auto,warm,1,,False,0,40,0.5,0.2,fixed,1000,780,4005,4.141031486999964,3.174846546000481,0.9661849409994829,79.04761904761938
46,iterative,auto,warm,1,,True,0,40,0.5,0.2,fixed,1000,780,1639,10.131576412000186,3.1032367839998187,7.028339628000367,79.04761904761926
46,iterative,auto,warm,1,,True,0.1,40,0.5,0.2,fixed,1000,780,1110,23.125368740999875,15.9572570859998,7.168111655000075,79.04761904761905
46,iterative,auto,warm,1,,True,0.3,40,0.5,0.2,fixed,1000,780,1125,30.90435166600014,21.602581042999873,9.301770623000266,79.0476190476191
