solve_id,solve_type,method,warm_start,min_search_proportion,threshold_proportion,remove_constraints,zero_slack_likelihood,n,p,q,cut_type,cut_value,max_variables,max_constraints,total_cpu_time,gurobi_cpu_time,non_gurobi_cpu_time,objective_value
23,once,auto,cold,1,,False,0,80,0.5,0.2,fixed,1000,3160,328641,371.3422996160007,356.9363549690024,14.40594464699825,323.9999999999973
23,iterative,auto,warm,1,,False,0,80,0.5,0.2,fixed,1000,3160,8255,144.25739403699845,133.82469932100503,10.43269471599342,323.9999999999975
23,iterative,auto,warm,1,,True,0,80,0.5,0.2,fixed,1000,3160,4934,102.89181393900071,81.95101840500138,20.940795533999335,324.00000000000114
23,iterative,auto,warm,1,,True,0.1,80,0.5,0.2,fixed,1000,3160,4779,252.2687569310001,226.5767566519935,25.692000279006606,324.0000000000006
23,iterative,auto,warm,1,,True,0.3,80,0.5,0.2,fixed,1000,3160,4512,247.28081383799872,220.22033047899458,27.060483359004138,324.0000000000004
