solve_id,solve_type,method,warm_start,min_search_proportion,threshold_proportion,remove_constraints,zero_slack_likelihood,n,p,q,cut_type,cut_value,max_variables,max_constraints,total_cpu_time,gurobi_cpu_time,non_gurobi_cpu_time,objective_value
44,once,auto,cold,1,,False,0,60,0.5,0.2,fixed,1000,1770,136881,45.381360059000144,39.97600054299983,5.405359516000317,179.2000000000002
44,iterative,auto,warm,1,,False,0,60,0.5,0.2,fixed,1000,1770,7112,35.77805688599983,31.57883865399708,4.19921823200275,179.19999999999965
44,iterative,auto,warm,1,,True,0,60,0.5,0.2,fixed,1000,1770,2772,61.07937592200142,31.463587744006873,29.615788177994546,179.2000000000002
44,iterative,auto,warm,1,,True,0.1,60,0.5,0.2,fixed,1000,1770,2767,146.83769873000165,119.58923303699521,27.248465693006438,179.19999999999996
44,iterative,auto,warm,1,,True,0.3,60,0.5,0.2,fixed,1000,1770,2876,281.3427203150004,242.8343295970044,38.50839071799601,179.19999999999993
