solve_id,solve_type,method,warm_start,min_search_proportion,threshold_proportion,remove_constraints,zero_slack_likelihood,n,p,q,cut_type,cut_value,max_variables,max_constraints,total_cpu_time,gurobi_cpu_time,non_gurobi_cpu_time,objective_value
10,iterative,auto,warm,1,,False,0,150,0.5,0.2,fixed,1000,11175,21101,7476.775262473966,7276.445025141875,200.3302373320912,1094.9999999999945
10,iterative,auto,warm,1,,True,0,150,0.5,0.2,fixed,1000,11175,10843,3244.076970132999,2833.9714041108964,410.1055660221027,1095.0000000000011
10,iterative,auto,warm,1,,True,0.1,150,0.5,0.2,fixed,1000,11175,13224,5384.327491207048,4925.37497699901,458.95251420803834,1095.0000000000014
10,iterative,auto,warm,1,,True,0.3,150,0.5,0.2,fixed,1000,11175,12496,11949.54864953598,11258.480076159176,691.0685733768041,1094.9999999999977
