solve_id,solve_type,method,warm_start,min_search_proportion,threshold_proportion,remove_constraints,zero_slack_likelihood,n,p,q,cut_type,cut_value,max_variables,max_constraints,total_cpu_time,gurobi_cpu_time,non_gurobi_cpu_time,objective_value
4,once,auto,cold,1,,False,0,50,0.5,0.2,fixed,1000,1225,78401,34.01615402699997,30.917937246000008,3.0982167809999623,122.9999999999986
4,iterative,auto,warm,1,,False,0,50,0.5,0.2,fixed,1000,1225,3845,5.677037057000007,4.135585736999985,1.5414513200000215,123.00000000000006
4,iterative,auto,warm,1,,True,0,50,0.5,0.2,fixed,1000,1225,2938,4.703668416000028,2.409117250999941,2.2945511650000867,123.00000000000003
4,iterative,auto,warm,1,,True,0.1,50,0.5,0.2,fixed,1000,1225,3443,14.938283580000018,10.88936375399993,4.048919826000088,123.00000000000007
4,iterative,auto,warm,1,,True,0.3,50,0.5,0.2,fixed,1000,1225,2825,31.92427595999999,23.044850697999777,8.879425262000211,123.0
