solve_id,solve_type,method,warm_start,min_search_proportion,threshold_proportion,remove_constraints,zero_slack_likelihood,n,p,q,cut_type,cut_value,max_variables,max_constraints,total_cpu_time,gurobi_cpu_time,non_gurobi_cpu_time,objective_value
8,once,auto,cold,1,,False,0,70,0.5,0.2,fixed,1000,2415,218961,187.99032090000037,178.81544313199993,9.174877768000442,261.00000000000034
8,iterative,auto,warm,1,,False,0,70,0.5,0.2,fixed,1000,2415,8101,78.07529242500004,71.90964430800068,6.165648116999364,261.00000000000057
8,iterative,auto,warm,1,,True,0,70,0.5,0.2,fixed,1000,2415,3366,73.49345988199912,56.566495053002654,16.92696482899646,261.0000000000025
8,iterative,auto,warm,1,,True,0.1,70,0.5,0.2,fixed,1000,2415,3371,181.35267321399988,163.07959268399918,18.273080530000698,261.00000000000074
8,iterative,auto,warm,1,,True,0.3,70,0.5,0.2,fixed,1000,2415,3954,227.83068139199986,205.6218542810002,22.208827110999664,260.9999999999995
