solve_id,solve_type,method,warm_start,min_search_proportion,threshold_proportion,remove_constraints,zero_slack_likelihood,n,p,q,cut_type,cut_value,max_variables,max_constraints,total_cpu_time,gurobi_cpu_time,non_gurobi_cpu_time,objective_value
12,once,auto,cold,1,,False,0,70,0.5,0.2,fixed,1000,2415,218961,98.17162459200063,88.97655241700068,9.19507217499995,245.21902017291083
12,iterative,auto,warm,1,,False,0,70,0.5,0.2,fixed,1000,2415,8101,81.72233734800011,75.51430614999936,6.208031198000754,245.21902017291058
12,iterative,auto,warm,1,,True,0,70,0.5,0.2,fixed,1000,2415,3414,79.56405188700046,59.81480757399822,19.749244313002237,245.21902017291097
12,iterative,auto,warm,1,,True,0.1,70,0.5,0.2,fixed,1000,2415,3507,200.90496239799995,178.23944968999967,22.66551270800028,245.21902017291077
12,iterative,auto,warm,1,,True,0.3,70,0.5,0.2,fixed,1000,2415,3047,259.43796784299957,234.37186262199884,25.066105221000726,245.2190201729108
