solve_id,solve_type,method,warm_start,min_search_proportion,threshold_proportion,remove_constraints,zero_slack_likelihood,n,p,q,cut_type,cut_value,max_variables,max_constraints,total_cpu_time,gurobi_cpu_time,non_gurobi_cpu_time,objective_value
44,once,auto,cold,1,,False,0,50,0.5,0.2,fixed,1000,1225,78401,25.16211263400055,22.08954749499935,3.072565139001199,130.22875816993425
44,iterative,auto,warm,1,,False,0,50,0.5,0.2,fixed,1000,1225,5101,11.496878400000242,9.748352321998937,1.748526078001305,130.22875816993408
44,iterative,auto,warm,1,,True,0,50,0.5,0.2,fixed,1000,1225,2214,15.395178298000246,9.027915124999708,6.367263173000538,130.22875816993465
44,iterative,auto,warm,1,,True,0.1,50,0.5,0.2,fixed,1000,1225,2218,29.12434764200043,23.024474341001223,6.0998733009992065,130.22875816993505
44,iterative,auto,warm,1,,True,0.3,50,0.5,0.2,fixed,1000,1225,2817,41.89086103800037,33.81932180300009,8.071539235000273,130.22875816993476
