solve_id,solve_type,method,warm_start,min_search_proportion,threshold_proportion,sub_solve_id,n,p,q,cut_type,cut_value,cuts_sought,cuts_added,search_proportion_used,current_threshold,variables,constraints,cpu_time
22,iterative,auto,warm,1,,0,110,0.8,0.2,fixed,1000,100,100,1,,5995,101,0.014245223999751033
22,iterative,auto,warm,1,,1,110,0.8,0.2,fixed,1000,1000,1000,1,,5995,1101,0.04263981199983391
22,iterative,auto,warm,1,,2,110,0.8,0.2,fixed,1000,1000,1000,1,,5995,2101,0.05925318200024776
22,iterative,auto,warm,1,,3,110,0.8,0.2,fixed,1000,1000,1000,1,,5995,3101,0.08779879199937568
22,iterative,auto,warm,1,,4,110,0.8,0.2,fixed,1000,1000,1000,1,,5995,4101,0.5120654019992799
22,iterative,auto,warm,1,,5,110,0.8,0.2,fixed,1000,1000,1000,1,,5995,5101,2.3114671940002154
22,iterative,auto,warm,1,,6,110,0.8,0.2,fixed,1000,1000,1000,1,,5995,6101,3.0525048290000996
22,iterative,auto,warm,1,,7,110,0.8,0.2,fixed,1000,1000,1000,1,,5995,7101,1.0701293370002531
22,iterative,auto,warm,1,,8,110,0.8,0.2,fixed,1000,1000,640,1,,5995,7741,0.024703995999516337
