solve_id,solve_type,method,warm_start,min_search_proportion,threshold_proportion,remove_constraints,zero_slack_likelihood,n,p,q,cut_type,cut_value,max_variables,max_constraints,total_cpu_time,gurobi_cpu_time,non_gurobi_cpu_time,objective_value
23,once,auto,cold,1,,False,0,50,0.5,0.2,fixed,1000,1225,78401,34.99927393500002,31.89415473200006,3.1051192029999584,124.99999999999926
23,iterative,auto,warm,1,,False,0,50,0.5,0.2,fixed,1000,1225,4101,7.251666664999902,5.720401760000641,1.5312649049992615,124.99999999999658
23,iterative,auto,warm,1,,True,0,50,0.5,0.2,fixed,1000,1225,2239,6.317399287999706,3.730849058000331,2.586550229999375,124.99999999999258
23,iterative,auto,warm,1,,True,0.1,50,0.5,0.2,fixed,1000,1225,2115,7.8254017650001515,5.148752960998991,2.676648804001161,124.99999999999875
23,iterative,auto,warm,1,,True,0.3,50,0.5,0.2,fixed,1000,1225,1993,21.41501859600021,15.827738354999838,5.5872802410003715,124.99999999999956
