solve_id,solve_type,method,warm_start,min_search_proportion,threshold_proportion,remove_constraints,zero_slack_likelihood,n,p,q,cut_type,cut_value,max_variables,max_constraints,total_cpu_time,gurobi_cpu_time,non_gurobi_cpu_time,objective_value
14,iterative,auto,warm,1,,False,0,130,0.5,0.2,fixed,1000,8385,17101,3011.355186283996,2906.8185675109853,104.53661877301056,829.9999999999997
14,iterative,auto,warm,1,,True,0,130,0.5,0.2,fixed,1000,8385,9476,1517.3812980760122,1311.9883803218836,205.39291775412858,829.9999999999986
14,iterative,auto,warm,1,,True,0.1,130,0.5,0.2,fixed,1000,8385,9341,1965.564389961015,1763.3927488607587,202.17164110025624,830.000000000005
14,iterative,auto,warm,1,,True,0.3,130,0.5,0.2,fixed,1000,8385,9738,2628.7829594140057,2391.039639441995,237.7433199720108,830.0000000000034
