solve_id,solve_type,method,warm_start,min_search_proportion,threshold_proportion,remove_constraints,zero_slack_likelihood,n,p,q,cut_type,cut_value,max_variables,max_constraints,total_cpu_time,gurobi_cpu_time,non_gurobi_cpu_time,objective_value
45,once,auto,cold,1,,False,0,40,0.5,0.2,fixed,1000,780,39521,12.002379800999961,10.417350402000011,1.58502939899995,67.60396039603961
45,iterative,auto,warm,1,,False,0,40,0.5,0.2,fixed,1000,780,3101,2.3146488729998964,1.5623488569999608,0.7523000159999356,67.6039603960397
45,iterative,auto,warm,1,,True,0,40,0.5,0.2,fixed,1000,780,1779,4.681414686000153,2.025287014000014,2.6561276720001388,67.60396039603961
45,iterative,auto,warm,1,,True,0.1,40,0.5,0.2,fixed,1000,780,1674,24.6448311879999,18.601356392000525,6.043474795999373,67.60396039603955
45,iterative,auto,warm,1,,True,0.3,40,0.5,0.2,fixed,1000,780,1423,16.89020034699979,10.351476522999974,6.538723823999817,67.60396039603957
